prefecture_code,prefecture_name,horizon,best_params,best_val_loss,mae_norm,rmse_norm,n_trials,n_train_samples,n_val_samples,hpo_test_done
1,北海道,1,"{""d_model"": 384, ""n_heads"": 8, ""patch_len"": 16, ""dropout"": 0.1, ""revin"": true, ""input_norm"": false, ""output_norm"": false, ""lr"": 0.001, ""batch_size"": 32}",0.0020805149392652,0.0183721538633108,0.0435909442603588,20,1984,496,True
1,北海道,2,"{""d_model"": 384, ""n_heads"": 16, ""patch_len"": 8, ""dropout"": 0.15000000000000002, ""lr"": 0.0035331379397983294, ""batch_size"": 32, ""revin"": true, ""input_norm"": false, ""output_norm"": false}",0.0017777732969261,0.0269804690033197,0.0615226551890373,20,1587,397,True
1,北海道,3,"{""d_model"": 384, ""n_heads"": 8, ""patch_len"": 32, ""dropout"": 0.1, ""revin"": true, ""input_norm"": false, ""output_norm"": false}",,0.0506409145891666,0.0954755470156669,20,1984,496,True
1,北海道,4,"{""d_model"": 128, ""n_heads"": 8, ""patch_len"": 8, ""dropout"": 0.1, ""revin"": true, ""input_norm"": false, ""output_norm"": false}",,0.061285894,0.112246215,20,1984,496,True
2,青森県,1,"{""d_model"": 384, ""n_heads"": 8, ""patch_len"": 16, ""dropout"": 0.1, ""revin"": true, ""input_norm"": false, ""output_norm"": false, ""lr"": 0.001, ""batch_size"": 32}",0.0037034205128175,0.0184284970164299,0.0372159965336322,20,1984,496,True
2,青森県,2,"{""d_model"": 384, ""n_heads"": 8, ""patch_len"": 8, ""dropout"": 0.1, ""revin"": true, ""input_norm"": false, ""output_norm"": false}",,0.021783423,0.047250707,20,1984,496,True
2,青森県,3,"{""d_model"": 384, ""n_heads"": 8, ""patch_len"": 32, ""dropout"": 0.1, ""revin"": true, ""input_norm"": false, ""output_norm"": false}",,0.0700956210494041,0.1121420189738273,20,1984,496,True
2,青森県,4,"{""d_model"": 128, ""n_heads"": 8, ""patch_len"": 32, ""dropout"": 0.1, ""revin"": true, ""input_norm"": false, ""output_norm"": false}",,0.034637902,0.06424643,20,1984,496,True
3,岩手県,1,"{""d_model"": 256, ""n_heads"": 8, ""patch_len"": 16, ""dropout"": 0.1, ""revin"": true, ""input_norm"": false, ""output_norm"": false, ""lr"": 0.001, ""batch_size"": 32}",0.0046612078055454,0.0218832641839981,0.0392644889652729,20,1984,496,True
3,岩手県,2,"{""d_model"": 384, ""n_heads"": 16, ""patch_len"": 16, ""dropout"": 0.3, ""lr"": 0.002209608204381017, ""batch_size"": 64, ""revin"": true, ""input_norm"": false, ""output_norm"": false}",0.0011904011748265,0.0344945527613163,0.0581853650510311,20,1587,397,True
3,岩手県,3,"{""d_model"": 128, ""n_heads"": 8, ""patch_len"": 16, ""dropout"": 0.1, ""revin"": true, ""input_norm"": false, ""output_norm"": false}",,0.0302876997739076,0.0553181767463684,20,1984,496,True
3,岩手県,4,"{""d_model"": 128, ""n_heads"": 8, ""patch_len"": 8, ""dropout"": 0.1, ""revin"": true, ""input_norm"": false, ""output_norm"": false}",,0.033768795,0.06307668,20,1984,496,True
4,宮城県,1,"{""d_model"": 256, ""n_heads"": 8, ""patch_len"": 16, ""dropout"": 0.1, ""revin"": true, ""input_norm"": false, ""output_norm"": false, ""lr"": 0.001, ""batch_size"": 32}",0.0089371594489597,0.0253374855965375,0.0562646500766277,20,1984,496,True
4,宮城県,2,"{""d_model"": 256, ""n_heads"": 8, ""patch_len"": 8, ""dropout"": 0.1, ""revin"": true, ""input_norm"": false, ""output_norm"": false}",,1.3952714,2.1172674,20,1984,496,True
4,宮城県,3,"{""d_model"": 256, ""n_heads"": 8, ""patch_len"": 8, ""dropout"": 0.1, ""revin"": true, ""input_norm"": true, ""output_norm"": true}",,0.1000404953956604,0.1789272725582122,20,1984,496,True
4,宮城県,4,"{""d_model"": 384, ""n_heads"": 8, ""patch_len"": 8, ""dropout"": 0.1, ""revin"": true, ""input_norm"": false, ""output_norm"": false}",,0.067114346,0.11987574,20,1984,496,True
5,秋田県,1,"{""d_model"": 384, ""n_heads"": 8, ""patch_len"": 16, ""dropout"": 0.1, ""revin"": true, ""input_norm"": false, ""output_norm"": false, ""lr"": 0.001, ""batch_size"": 32}",0.0068391938092968,0.0137480366975069,0.0367100350558757,20,1984,496,True
5,秋田県,2,"{""d_model"": 128, ""n_heads"": 8, ""patch_len"": 8, ""dropout"": 0.1, ""revin"": true, ""input_norm"": false, ""output_norm"": false}",,0.022016635,0.046411153,20,1984,496,True
5,秋田県,3,"{""d_model"": 128, ""n_heads"": 8, ""patch_len"": 16, ""dropout"": 0.1, ""revin"": true, ""input_norm"": false, ""output_norm"": false}",,0.0301137771457433,0.0555248074233531,20,1984,496,True
5,秋田県,4,"{""d_model"": 256, ""n_heads"": 8, ""patch_len"": 32, ""dropout"": 0.1, ""revin"": true, ""input_norm"": false, ""output_norm"": false}",,0.03923161,0.06567706,20,1984,496,True
6,山形県,1,"{""d_model"": 256, ""n_heads"": 8, ""patch_len"": 16, ""dropout"": 0.1, ""revin"": true, ""input_norm"": false, ""output_norm"": false, ""lr"": 0.001, ""batch_size"": 32}",0.0048871981120863,0.0164438802748918,0.0370889008045196,20,1984,496,True
6,山形県,2,"{""d_model"": 128, ""n_heads"": 8, ""patch_len"": 8, ""dropout"": 0.1, ""revin"": true, ""input_norm"": false, ""output_norm"": false}",,0.04815164,0.07192371,20,1984,496,True
6,山形県,3,"{""d_model"": 384, ""n_heads"": 8, ""patch_len"": 32, ""dropout"": 0.1, ""revin"": true, ""input_norm"": false, ""output_norm"": false}",,0.0518296584486961,0.0853070765733718,20,1984,496,True
6,山形県,4,"{""d_model"": 384, ""n_heads"": 8, ""patch_len"": 32, ""dropout"": 0.1, ""revin"": true, ""input_norm"": false, ""output_norm"": false}",,0.040835842,0.065146334,20,1984,496,True
7,福島県,1,"{""d_model"": 384, ""n_heads"": 8, ""patch_len"": 16, ""dropout"": 0.1, ""revin"": true, ""input_norm"": false, ""output_norm"": false, ""lr"": 0.001, ""batch_size"": 32}",0.0073258083336235,0.0171232055872678,0.0332952141761779,20,1984,496,True
7,福島県,2,"{""d_model"": 384, ""n_heads"": 8, ""patch_len"": 8, ""dropout"": 0.1, ""revin"": true, ""input_norm"": false, ""output_norm"": false}",,0.022238104,0.04230101,20,1984,496,True
7,福島県,3,"{""d_model"": 128, ""n_heads"": 8, ""patch_len"": 8, ""dropout"": 0.1, ""revin"": true, ""input_norm"": false, ""output_norm"": false}",,0.0354324616491794,0.0604509375989437,20,1984,496,True
7,福島県,4,"{""d_model"": 384, ""n_heads"": 8, ""patch_len"": 8, ""dropout"": 0.1, ""revin"": true, ""input_norm"": false, ""output_norm"": false}",,0.041212443,0.07263133,20,1984,496,True
8,茨城県,1,"{""d_model"": 128, ""n_heads"": 8, ""patch_len"": 16, ""dropout"": 0.1, ""revin"": true, ""input_norm"": false, ""output_norm"": false, ""lr"": 0.001, ""batch_size"": 32}",0.0026670412147312,0.0150116337463259,0.0379204042255878,20,1984,496,True
8,茨城県,2,"{""d_model"": 256, ""n_heads"": 8, ""patch_len"": 8, ""dropout"": 0.1, ""revin"": true, ""input_norm"": false, ""output_norm"": false}",,0.020599205,0.05022185,20,1984,496,True
8,茨城県,3,"{""d_model"": 256, ""n_heads"": 8, ""patch_len"": 8, ""dropout"": 0.1, ""revin"": true, ""input_norm"": false, ""output_norm"": false}",,0.0476139970123767,0.0818900018930435,20,1984,496,True
8,茨城県,4,"{""d_model"": 256, ""n_heads"": 8, ""patch_len"": 16, ""dropout"": 0.1, ""revin"": true, ""input_norm"": false, ""output_norm"": false}",,0.08768155,0.15509768,20,1984,496,True
9,栃木県,1,"{""d_model"": 128, ""n_heads"": 8, ""patch_len"": 16, ""dropout"": 0.1, ""revin"": true, ""input_norm"": false, ""output_norm"": false, ""lr"": 0.001, ""batch_size"": 32}",0.0070019168722923,0.0226595383137464,0.0458084940910339,20,1984,496,True
9,栃木県,2,"{""d_model"": 384, ""n_heads"": 8, ""patch_len"": 16, ""dropout"": 0.1, ""revin"": true, ""input_norm"": false, ""output_norm"": false}",,0.043115783,0.07075798,20,1984,496,True
9,栃木県,3,"{""d_model"": 384, ""n_heads"": 8, ""patch_len"": 8, ""dropout"": 0.1, ""revin"": true, ""input_norm"": false, ""output_norm"": false}",,0.0592985823750495,0.1058390662074089,20,1984,496,True
9,栃木県,4,"{""d_model"": 256, ""n_heads"": 8, ""patch_len"": 32, ""dropout"": 0.1, ""revin"": true, ""input_norm"": false, ""output_norm"": false}",,0.062317003,0.11659451,20,1984,496,True
10,群馬県,1,"{""d_model"": 128, ""n_heads"": 8, ""patch_len"": 16, ""dropout"": 0.1, ""revin"": true, ""input_norm"": false, ""output_norm"": false, ""lr"": 0.001, ""batch_size"": 32}",0.0060742408067228,0.0150564508512616,0.0399421863257885,20,1984,496,True
10,群馬県,2,"{""d_model"": 128, ""n_heads"": 8, ""patch_len"": 16, ""dropout"": 0.1, ""revin"": true, ""input_norm"": false, ""output_norm"": false}",,0.025035815,0.054446764,20,1984,496,True
10,群馬県,3,"{""d_model"": 384, ""n_heads"": 8, ""patch_len"": 32, ""dropout"": 0.1, ""revin"": true, ""input_norm"": false, ""output_norm"": false}",,0.0298452526330947,0.0600706189870834,20,1984,496,True
10,群馬県,4,"{""d_model"": 128, ""n_heads"": 8, ""patch_len"": 8, ""dropout"": 0.1, ""revin"": true, ""input_norm"": false, ""output_norm"": false}",,0.033660848,0.067127824,20,1984,496,True
11,埼玉県,1,"{""d_model"": 128, ""n_heads"": 8, ""patch_len"": 16, ""dropout"": 0.1, ""revin"": true, ""input_norm"": false, ""output_norm"": false, ""lr"": 0.001, ""batch_size"": 32}",0.0044667410435185,0.0171308424323797,0.0471152327954769,20,1984,496,True
11,埼玉県,2,"{""d_model"": 128, ""n_heads"": 8, ""patch_len"": 8, ""dropout"": 0.1, ""revin"": true, ""input_norm"": false, ""output_norm"": false}",,0.020625602,0.054003477,20,1984,496,True
11,埼玉県,3,"{""d_model"": 128, ""n_heads"": 8, ""patch_len"": 8, ""dropout"": 0.1, ""revin"": true, ""input_norm"": false, ""output_norm"": false}",,0.0274809040129184,0.0655966699123382,20,1984,496,True
11,埼玉県,4,"{""d_model"": 128, ""n_heads"": 8, ""patch_len"": 8, ""dropout"": 0.1, ""revin"": true, ""input_norm"": false, ""output_norm"": false}",,0.039236527,0.07988878,20,1984,496,True
12,千葉県,1,"{""d_model"": 384, ""n_heads"": 8, ""patch_len"": 16, ""dropout"": 0.1, ""revin"": true, ""input_norm"": false, ""output_norm"": false, ""lr"": 0.001, ""batch_size"": 32}",0.0016862282040341,0.0171019975095987,0.048538401722908,20,1984,496,True
12,千葉県,2,"{""d_model"": 128, ""n_heads"": 16, ""patch_len"": 8, ""dropout"": 0.15000000000000002, ""lr"": 0.003800545634591302, ""batch_size"": 16, ""revin"": true, ""input_norm"": false, ""output_norm"": false}",0.0027483448950806,0.0242932364344596,0.0626113042235374,20,1587,397,True
12,千葉県,3,"{""d_model"": 256, ""n_heads"": 8, ""patch_len"": 8, ""dropout"": 0.1, ""revin"": true, ""input_norm"": false, ""output_norm"": false}",,0.0443147160112857,0.0860426872968673,20,1984,496,True
12,千葉県,4,"{""d_model"": 384, ""n_heads"": 8, ""patch_len"": 32, ""dropout"": 0.1, ""revin"": true, ""input_norm"": false, ""output_norm"": false}",,0.042962734,0.08819643,20,1984,496,True
13,東京都,1,"{""d_model"": 128, ""n_heads"": 8, ""patch_len"": 16, ""dropout"": 0.1, ""revin"": true, ""input_norm"": false, ""output_norm"": false, ""lr"": 0.001, ""batch_size"": 32}",0.0017537011472966,0.0180272441357374,0.0451340749859809,20,1984,496,True
13,東京都,2,"{""d_model"": 384, ""n_heads"": 8, ""patch_len"": 8, ""dropout"": 0.1, ""revin"": true, ""input_norm"": false, ""output_norm"": false}",,0.033171535,0.06202135,20,1984,496,True
13,東京都,3,"{""d_model"": 384, ""n_heads"": 8, ""patch_len"": 16, ""dropout"": 0.1, ""revin"": true, ""input_norm"": false, ""output_norm"": false}",,0.0294712204486131,0.0684109553694725,20,1984,496,True
13,東京都,4,"{""d_model"": 384, ""n_heads"": 8, ""patch_len"": 16, ""dropout"": 0.1, ""revin"": true, ""input_norm"": false, ""output_norm"": false}",,0.0329948,0.07261351,20,1984,496,True
14,神奈川県,1,"{""d_model"": 384, ""n_heads"": 8, ""patch_len"": 16, ""dropout"": 0.1, ""revin"": true, ""input_norm"": false, ""output_norm"": false, ""lr"": 0.001, ""batch_size"": 32}",0.0035817439124765,0.0246483441442251,0.0583986975252628,20,1984,496,True
14,神奈川県,2,"{""d_model"": 128, ""n_heads"": 8, ""patch_len"": 8, ""dropout"": 0.1, ""revin"": true, ""input_norm"": false, ""output_norm"": false}",,0.14041235,0.2230607,20,1984,496,True
14,神奈川県,3,"{""d_model"": 128, ""n_heads"": 8, ""patch_len"": 32, ""dropout"": 0.1, ""revin"": true, ""input_norm"": false, ""output_norm"": false}",,0.0483690947294235,0.0869013369083404,20,1984,496,True
14,神奈川県,4,"{""d_model"": 128, ""n_heads"": 8, ""patch_len"": 32, ""dropout"": 0.1, ""revin"": true, ""input_norm"": false, ""output_norm"": false}",,0.040621232,0.08560346,20,1984,496,True
15,新潟県,1,"{""d_model"": 256, ""n_heads"": 8, ""patch_len"": 16, ""dropout"": 0.1, ""revin"": true, ""input_norm"": false, ""output_norm"": false, ""lr"": 0.001, ""batch_size"": 32}",0.0034717648391491,0.0165831223130226,0.0336566567420959,20,1984,496,True
15,新潟県,2,"{""d_model"": 128, ""n_heads"": 8, ""patch_len"": 16, ""dropout"": 0.1, ""revin"": true, ""input_norm"": false, ""output_norm"": false}",,0.020866167,0.039285783,20,1984,496,True
15,新潟県,3,"{""d_model"": 128, ""n_heads"": 8, ""patch_len"": 16, ""dropout"": 0.1, ""revin"": true, ""input_norm"": false, ""output_norm"": false}",,0.0476870983839035,0.0733774378895759,20,1984,496,True
15,新潟県,4,"{""d_model"": 384, ""n_heads"": 8, ""patch_len"": 32, ""dropout"": 0.1, ""revin"": true, ""input_norm"": false, ""output_norm"": false}",,0.045455296,0.06908258,20,1984,496,True
16,富山県,1,"{""d_model"": 384, ""n_heads"": 8, ""patch_len"": 16, ""dropout"": 0.1, ""revin"": true, ""input_norm"": false, ""output_norm"": false, ""lr"": 0.001, ""batch_size"": 32}",0.005599808606935,0.0196148976683616,0.0453334338963031,20,1984,496,True
16,富山県,2,"{""d_model"": 384, ""n_heads"": 8, ""patch_len"": 8, ""dropout"": 0.1, ""revin"": true, ""input_norm"": false, ""output_norm"": false}",,0.03023577,0.062205866,20,1984,496,True
16,富山県,3,"{""d_model"": 384, ""n_heads"": 8, ""patch_len"": 8, ""dropout"": 0.1, ""revin"": true, ""input_norm"": false, ""output_norm"": false}",,0.0579211860895156,0.0984384194016456,20,1984,496,True
16,富山県,4,"{""d_model"": 384, ""n_heads"": 8, ""patch_len"": 16, ""dropout"": 0.1, ""revin"": true, ""input_norm"": false, ""output_norm"": false}",,0.067579,0.10420356,20,1984,496,True
17,石川県,1,"{""d_model"": 128, ""n_heads"": 8, ""patch_len"": 16, ""dropout"": 0.1, ""revin"": true, ""input_norm"": false, ""output_norm"": false, ""lr"": 0.001, ""batch_size"": 32}",0.0042213747698453,0.0248497985303401,0.0502491071820259,20,1984,496,True
17,石川県,2,"{""d_model"": 256, ""n_heads"": 16, ""patch_len"": 8, ""dropout"": 0.1, ""lr"": 0.00010519529633398396, ""batch_size"": 32, ""revin"": true, ""input_norm"": false, ""output_norm"": false}",0.001281760171405,0.0322517752647399,0.060223925858736,20,1587,397,True
17,石川県,3,"{""d_model"": 384, ""n_heads"": 8, ""patch_len"": 32, ""dropout"": 0.1, ""revin"": true, ""input_norm"": false, ""output_norm"": false}",,0.0443740971386432,0.0810358822345733,20,1984,496,True
17,石川県,4,"{""d_model"": 384, ""n_heads"": 8, ""patch_len"": 8, ""dropout"": 0.1, ""revin"": true, ""input_norm"": false, ""output_norm"": false}",,0.065889865,0.10399228,20,1984,496,True
18,福井県,1,"{""d_model"": 384, ""n_heads"": 8, ""patch_len"": 32, ""dropout"": 0.15000000000000002, ""lr"": 0.00012118681314176635, ""batch_size"": 32, ""revin"": false, ""input_norm"": false, ""output_norm"": false}",0.0011456743871554,0.015003802254796,0.0353579670190811,20,1984,496,True
18,福井県,2,"{""d_model"": 384, ""n_heads"": 8, ""patch_len"": 32, ""dropout"": 0.15000000000000002, ""lr"": 0.00012118681314176635, ""batch_size"": 32, ""revin"": false, ""input_norm"": false, ""output_norm"": false}",0.0011456743871554,0.0222742892801761,0.0467189475893974,20,1984,496,True
18,福井県,3,"{""d_model"": 128, ""n_heads"": 8, ""patch_len"": 16, ""dropout"": 0.1, ""revin"": true, ""input_norm"": false, ""output_norm"": false}",,0.033490028232336,0.0569852925837039,20,1984,496,True
18,福井県,4,"{""d_model"": 256, ""n_heads"": 8, ""patch_len"": 32, ""dropout"": 0.1, ""revin"": true, ""input_norm"": false, ""output_norm"": false}",,0.03925927,0.063944675,20,1984,496,True
19,山梨県,1,"{""d_model"": 256, ""n_heads"": 8, ""patch_len"": 32, ""dropout"": 0.1, ""lr"": 0.00036244891634893886, ""batch_size"": 32, ""revin"": false, ""input_norm"": false, ""output_norm"": false}",0.0007802181064048,0.0163313020020723,0.0543439127504825,20,1984,496,True
19,山梨県,2,"{""d_model"": 256, ""n_heads"": 8, ""patch_len"": 32, ""dropout"": 0.1, ""lr"": 0.00036244891634893886, ""batch_size"": 32, ""revin"": false, ""input_norm"": false, ""output_norm"": false}",0.0007802181064048,0.0225428752601146,0.0685319304466247,20,1984,496,True
19,山梨県,3,"{""d_model"": 256, ""n_heads"": 8, ""patch_len"": 8, ""dropout"": 0.1, ""revin"": true, ""input_norm"": false, ""output_norm"": false}",,0.0355520211160182,0.1153977513313293,20,1984,496,True
19,山梨県,4,"{""d_model"": 256, ""n_heads"": 8, ""patch_len"": 8, ""dropout"": 0.1, ""revin"": true, ""input_norm"": false, ""output_norm"": false}",,0.05714884,0.106697075,20,1984,496,True
20,長野県,1,"{""d_model"": 256, ""n_heads"": 16, ""patch_len"": 8, ""dropout"": 0.25, ""lr"": 0.0009653342394976, ""batch_size"": 32, ""revin"": false, ""input_norm"": false, ""output_norm"": false}",0.0010994967655748,0.0167908575385808,0.0375890024006366,20,1984,496,True
20,長野県,2,"{""d_model"": 256, ""n_heads"": 16, ""patch_len"": 8, ""dropout"": 0.25, ""lr"": 0.0009653342394976, ""batch_size"": 32, ""revin"": false, ""input_norm"": false, ""output_norm"": false}",0.0010994967655748,0.0240742508322,0.049612883478403,20,1984,496,True
20,長野県,3,"{""d_model"": 384, ""n_heads"": 8, ""patch_len"": 16, ""dropout"": 0.1, ""revin"": true, ""input_norm"": false, ""output_norm"": false}",,0.0365614332258701,0.0654405429959297,20,1984,496,True
20,長野県,4,"{""d_model"": 384, ""n_heads"": 8, ""patch_len"": 8, ""dropout"": 0.1, ""revin"": true, ""input_norm"": false, ""output_norm"": false}",,0.059627462,0.10626953,20,1984,496,True
21,岐阜県,1,"{""d_model"": 128, ""n_heads"": 8, ""patch_len"": 8, ""dropout"": 0.1, ""lr"": 0.0010577375318184259, ""batch_size"": 16, ""revin"": true, ""input_norm"": false, ""output_norm"": false}",0.0011350304598709,0.0236957855522632,0.0423971153795719,20,1984,496,True
21,岐阜県,2,"{""d_model"": 128, ""n_heads"": 8, ""patch_len"": 8, ""dropout"": 0.1, ""lr"": 0.0010577375318184259, ""batch_size"": 16, ""revin"": true, ""input_norm"": false, ""output_norm"": false}",0.0011350304598709,0.02558552660048,0.0483184717595577,20,1984,496,True
21,岐阜県,3,"{""d_model"": 256, ""n_heads"": 8, ""patch_len"": 16, ""dropout"": 0.1, ""revin"": true, ""input_norm"": false, ""output_norm"": false}",,0.0240717250853776,0.051082544028759,20,1984,496,True
21,岐阜県,4,"{""d_model"": 256, ""n_heads"": 8, ""patch_len"": 16, ""dropout"": 0.1, ""revin"": true, ""input_norm"": false, ""output_norm"": false}",,0.026079586,0.059010185,20,1984,496,True
22,静岡県,1,"{""d_model"": 128, ""n_heads"": 8, ""patch_len"": 8, ""dropout"": 0.2, ""lr"": 0.00027333260624621663, ""batch_size"": 32, ""revin"": false, ""input_norm"": false, ""output_norm"": false}",0.001227025913126,0.0157883204519748,0.0429076999425888,20,1984,496,True
22,静岡県,2,"{""d_model"": 128, ""n_heads"": 8, ""patch_len"": 8, ""dropout"": 0.2, ""lr"": 0.00027333260624621663, ""batch_size"": 32, ""revin"": false, ""input_norm"": false, ""output_norm"": false}",0.001227025913126,0.0205357614904642,0.0516512803733348,20,1984,496,True
22,静岡県,3,"{""d_model"": 128, ""n_heads"": 8, ""patch_len"": 16, ""dropout"": 0.1, ""revin"": true, ""input_norm"": false, ""output_norm"": false}",,0.0294441301375627,0.0647428408265113,20,1984,496,True
22,静岡県,4,"{""d_model"": 256, ""n_heads"": 8, ""patch_len"": 16, ""dropout"": 0.1, ""revin"": true, ""input_norm"": false, ""output_norm"": true}",,0.09275418,0.15622844,20,1984,496,True
23,愛知県,1,"{""d_model"": 384, ""n_heads"": 16, ""patch_len"": 16, ""dropout"": 0.1, ""lr"": 0.0002636916364868538, ""batch_size"": 16, ""revin"": true, ""input_norm"": false, ""output_norm"": false}",0.0006992787348006,0.0172127112746238,0.0409192107617855,20,1984,496,True
23,愛知県,2,"{""d_model"": 384, ""n_heads"": 16, ""patch_len"": 16, ""dropout"": 0.1, ""lr"": 0.0002636916364868538, ""batch_size"": 16, ""revin"": true, ""input_norm"": false, ""output_norm"": false}",0.0006992787348006,0.0221091639250516,0.0539011918008327,20,1984,496,True
23,愛知県,3,"{""d_model"": 384, ""n_heads"": 8, ""patch_len"": 32, ""dropout"": 0.1, ""revin"": true, ""input_norm"": false, ""output_norm"": false}",,0.0423948243260383,0.0842761173844337,20,1984,496,True
23,愛知県,4,"{""d_model"": 256, ""n_heads"": 8, ""patch_len"": 32, ""dropout"": 0.1, ""revin"": true, ""input_norm"": false, ""output_norm"": false}",,0.05000917,0.08790407,20,1984,496,True
24,三重県,1,"{""d_model"": 256, ""n_heads"": 16, ""patch_len"": 8, ""dropout"": 0.2, ""lr"": 0.00038021167735775873, ""batch_size"": 32, ""revin"": true, ""input_norm"": false, ""output_norm"": false}",0.0013060013788485,0.0185050051659345,0.0448375083506107,20,1984,496,True
24,三重県,2,"{""d_model"": 256, ""n_heads"": 16, ""patch_len"": 8, ""dropout"": 0.2, ""lr"": 0.00038021167735775873, ""batch_size"": 32, ""revin"": true, ""input_norm"": false, ""output_norm"": false}",0.0013060013788485,0.0254260562360286,0.057759765535593,20,1984,496,True
24,三重県,3,"{""d_model"": 384, ""n_heads"": 8, ""patch_len"": 32, ""dropout"": 0.1, ""revin"": true, ""input_norm"": false, ""output_norm"": false}",,0.0327161736786365,0.0706544890999794,20,1984,496,True
24,三重県,4,"{""d_model"": 256, ""n_heads"": 8, ""patch_len"": 32, ""dropout"": 0.1, ""revin"": true, ""input_norm"": false, ""output_norm"": false}",,0.03778297,0.079858504,20,1984,496,True
25,滋賀県,1,"{""d_model"": 384, ""n_heads"": 8, ""patch_len"": 16, ""dropout"": 0.05, ""lr"": 0.00010255595908021725, ""batch_size"": 16, ""revin"": true, ""input_norm"": false, ""output_norm"": false}",0.0004932570304588,0.0160021837800741,0.0383540242910385,20,1984,496,True
25,滋賀県,2,"{""d_model"": 384, ""n_heads"": 8, ""patch_len"": 16, ""dropout"": 0.05, ""lr"": 0.00010255595908021725, ""batch_size"": 16, ""revin"": true, ""input_norm"": false, ""output_norm"": false}",0.0004932570304588,0.0220047999173402,0.0513425730168819,20,1984,496,True
25,滋賀県,3,"{""d_model"": 128, ""n_heads"": 8, ""patch_len"": 16, ""dropout"": 0.1, ""revin"": true, ""input_norm"": false, ""output_norm"": false}",,0.0288144964724779,0.0678471699357032,20,1984,496,True
25,滋賀県,4,"{""d_model"": 384, ""n_heads"": 16, ""patch_len"": 8, ""dropout"": 0.3, ""lr"": 0.009532122081128865, ""batch_size"": 64, ""revin"": true, ""input_norm"": false, ""output_norm"": false}",0.0062475492060184,0.0361040197312831,0.0755092278122901,20,1585,397,True
26,京都府,1,"{""d_model"": 256, ""n_heads"": 8, ""patch_len"": 16, ""dropout"": 0.05, ""lr"": 0.00011997326564445297, ""batch_size"": 16, ""revin"": false, ""input_norm"": false, ""output_norm"": false}",0.0008191895268106,0.0158006325364112,0.0422881506383419,20,1984,496,True
26,京都府,2,"{""d_model"": 256, ""n_heads"": 8, ""patch_len"": 16, ""dropout"": 0.05, ""lr"": 0.00011997326564445297, ""batch_size"": 16, ""revin"": false, ""input_norm"": false, ""output_norm"": false}",0.0008191895268106,0.0274184122681617,0.0546878837049007,20,1984,496,True
26,京都府,3,"{""d_model"": 384, ""n_heads"": 8, ""patch_len"": 32, ""dropout"": 0.1, ""revin"": true, ""input_norm"": false, ""output_norm"": false}",,0.0755246728658676,0.1148502901196479,20,1984,496,True
26,京都府,4,"{""d_model"": 384, ""n_heads"": 16, ""patch_len"": 32, ""dropout"": 0.1, ""lr"": 0.0033258770314207983, ""batch_size"": 16, ""revin"": true, ""input_norm"": false, ""output_norm"": false}",0.0059049831469277,0.0425512492656707,0.0785106346011161,20,1585,397,True
27,大阪府,1,"{""d_model"": 128, ""n_heads"": 8, ""patch_len"": 8, ""dropout"": 0.15000000000000002, ""lr"": 0.0016836803411403218, ""batch_size"": 16, ""revin"": false, ""input_norm"": false, ""output_norm"": false}",0.0011090240600864,0.0257259849458932,0.0520652458071708,20,1984,496,True
27,大阪府,2,"{""d_model"": 128, ""n_heads"": 8, ""patch_len"": 8, ""dropout"": 0.15000000000000002, ""lr"": 0.0016836803411403218, ""batch_size"": 16, ""revin"": false, ""input_norm"": false, ""output_norm"": false}",0.0011090240600864,0.0568643696606159,0.0888158157467842,20,1984,496,True
27,大阪府,3,"{""d_model"": 256, ""n_heads"": 8, ""patch_len"": 32, ""dropout"": 0.1, ""revin"": true, ""input_norm"": false, ""output_norm"": false}",,0.0279415268450975,0.0718782469630241,20,1984,496,True
27,大阪府,4,"{""d_model"": 256, ""n_heads"": 8, ""patch_len"": 8, ""dropout"": 0.2, ""lr"": 0.0001566453343030732, ""batch_size"": 32, ""revin"": false, ""input_norm"": false, ""output_norm"": false}",0.0018715438358776,0.0670898854732513,0.1046907529234886,20,1585,397,True
28,兵庫県,1,"{""d_model"": 256, ""n_heads"": 8, ""patch_len"": 8, ""dropout"": 0.1, ""lr"": 0.0008676757589869189, ""batch_size"": 32, ""revin"": true, ""input_norm"": false, ""output_norm"": false}",0.0007633615628184,0.0197041872888803,0.0598406307399272,20,1984,496,True
28,兵庫県,2,"{""d_model"": 256, ""n_heads"": 8, ""patch_len"": 8, ""dropout"": 0.1, ""lr"": 0.0008676757589869189, ""batch_size"": 32, ""revin"": true, ""input_norm"": false, ""output_norm"": false}",0.0007633615628184,0.0261390469968318,0.0742387920618057,20,1984,496,True
28,兵庫県,3,"{""d_model"": 128, ""n_heads"": 8, ""patch_len"": 8, ""dropout"": 0.1, ""revin"": true, ""input_norm"": false, ""output_norm"": false}",,0.0327829234302043,0.0765475109219551,20,1984,496,True
28,兵庫県,4,"{""d_model"": 128, ""n_heads"": 16, ""patch_len"": 16, ""dropout"": 0.15000000000000002, ""lr"": 0.00031284669776243847, ""batch_size"": 32, ""revin"": true, ""input_norm"": false, ""output_norm"": false}",0.0020011331196292,0.0393626727163791,0.0932377576828002,20,1585,397,True
29,奈良県,1,"{""d_model"": 128, ""n_heads"": 8, ""patch_len"": 8, ""dropout"": 0.15000000000000002, ""lr"": 0.000238310491654179, ""batch_size"": 32, ""revin"": false, ""input_norm"": false, ""output_norm"": false}",0.0009406469932488,0.020493995398283,0.0586532652378082,20,1984,496,True
29,奈良県,2,"{""d_model"": 128, ""n_heads"": 8, ""patch_len"": 8, ""dropout"": 0.15000000000000002, ""lr"": 0.000238310491654179, ""batch_size"": 32, ""revin"": false, ""input_norm"": false, ""output_norm"": false}",0.0009406469932488,0.0278061255812644,0.071376658976078,20,1984,496,True
29,奈良県,3,"{""d_model"": 256, ""n_heads"": 8, ""patch_len"": 8, ""dropout"": 0.1, ""revin"": true, ""input_norm"": false, ""output_norm"": false}",,0.0399017184972763,0.0819723978638649,20,1984,496,True
29,奈良県,4,"{""d_model"": 384, ""n_heads"": 16, ""patch_len"": 32, ""dropout"": 0.05, ""lr"": 0.009613835424860434, ""batch_size"": 32, ""revin"": true, ""input_norm"": false, ""output_norm"": false}",0.003702290195506,0.0433519408106803,0.0930770114064216,20,1585,397,True
30,和歌山県,1,"{""d_model"": 256, ""n_heads"": 8, ""patch_len"": 32, ""dropout"": 0.05, ""lr"": 0.0002957226159637292, ""batch_size"": 32, ""revin"": false, ""input_norm"": false, ""output_norm"": false}",0.001048339540566,0.0267796423286199,0.0580718591809272,20,1984,496,True
30,和歌山県,2,"{""d_model"": 256, ""n_heads"": 8, ""patch_len"": 32, ""dropout"": 0.05, ""lr"": 0.0002957226159637292, ""batch_size"": 32, ""revin"": false, ""input_norm"": false, ""output_norm"": false}",0.001048339540566,0.0234697852283716,0.0593065619468688,20,1984,496,True
30,和歌山県,3,"{""d_model"": 384, ""n_heads"": 8, ""patch_len"": 16, ""dropout"": 0.1, ""revin"": true, ""input_norm"": false, ""output_norm"": false}",,0.052122201770544,0.0963002443313598,20,1984,496,True
30,和歌山県,4,"{""d_model"": 256, ""n_heads"": 16, ""patch_len"": 32, ""dropout"": 0.2, ""lr"": 0.00022223601534334097, ""batch_size"": 64, ""revin"": false, ""input_norm"": false, ""output_norm"": false}",0.0027909075468778,0.0376051105558872,0.0834943726658821,20,1585,397,True
31,鳥取県,1,"{""d_model"": 256, ""n_heads"": 16, ""patch_len"": 32, ""dropout"": 0.2, ""lr"": 0.0006666479080712027, ""batch_size"": 32, ""revin"": true, ""input_norm"": false, ""output_norm"": false}",0.0008417144779506,0.0158372856676578,0.034055933356285,20,1984,496,True
31,鳥取県,2,"{""d_model"": 256, ""n_heads"": 16, ""patch_len"": 32, ""dropout"": 0.2, ""lr"": 0.0006666479080712027, ""batch_size"": 32, ""revin"": true, ""input_norm"": false, ""output_norm"": false}",0.0008417144779506,0.0238149892538785,0.0487111620604991,20,1984,496,True
31,鳥取県,3,"{""d_model"": 384, ""n_heads"": 8, ""patch_len"": 16, ""dropout"": 0.1, ""revin"": true, ""input_norm"": false, ""output_norm"": false}",,0.030438058078289,0.0553914345800876,20,1984,496,True
31,鳥取県,4,"{""d_model"": 256, ""n_heads"": 16, ""patch_len"": 32, ""dropout"": 0.25, ""lr"": 0.004372443108306395, ""batch_size"": 16, ""revin"": true, ""input_norm"": false, ""output_norm"": false}",0.0051035170591785,0.0389746837317943,0.0696382150053978,20,1585,397,True
32,島根県,1,"{""d_model"": 384, ""n_heads"": 8, ""patch_len"": 32, ""dropout"": 0.15000000000000002, ""lr"": 0.00023998424394367808, ""batch_size"": 32, ""revin"": true, ""input_norm"": false, ""output_norm"": false}",0.0007919918459646,0.0151673723012208,0.0348489992320537,20,1984,496,True
32,島根県,2,"{""d_model"": 384, ""n_heads"": 8, ""patch_len"": 32, ""dropout"": 0.15000000000000002, ""lr"": 0.00023998424394367808, ""batch_size"": 32, ""revin"": true, ""input_norm"": false, ""output_norm"": false}",0.0007919918459646,0.0215708892792463,0.0498674288392066,20,1984,496,True
32,島根県,3,"{""d_model"": 384, ""n_heads"": 8, ""patch_len"": 16, ""dropout"": 0.1, ""revin"": true, ""input_norm"": false, ""output_norm"": false}",,0.0570036992430686,0.1034356951713562,20,1984,496,True
32,島根県,4,"{""d_model"": 384, ""n_heads"": 16, ""patch_len"": 16, ""dropout"": 0.25, ""lr"": 0.009564720207467325, ""batch_size"": 64, ""revin"": true, ""input_norm"": false, ""output_norm"": false}",0.0037918821908533,0.0370995961129665,0.0753893926739692,20,1585,397,True
33,岡山県,1,"{""d_model"": 128, ""n_heads"": 8, ""patch_len"": 16, ""dropout"": 0.05, ""lr"": 0.000823596263916969, ""batch_size"": 16, ""revin"": true, ""input_norm"": false, ""output_norm"": false}",0.0010080863661378,0.0154450144618749,0.0428662225604057,20,1984,496,True
33,岡山県,2,"{""d_model"": 128, ""n_heads"": 8, ""patch_len"": 16, ""dropout"": 0.05, ""lr"": 0.000823596263916969, ""batch_size"": 16, ""revin"": true, ""input_norm"": false, ""output_norm"": false}",0.0010080863661378,0.0396735370159149,0.0705636590719223,20,1984,496,True
33,岡山県,3,"{""d_model"": 256, ""n_heads"": 8, ""patch_len"": 16, ""dropout"": 0.1, ""revin"": true, ""input_norm"": false, ""output_norm"": false}",,0.0389005467295646,0.092773862183094,20,1984,496,True
33,岡山県,4,"{""d_model"": 384, ""n_heads"": 8, ""patch_len"": 8, ""dropout"": 0.3, ""lr"": 0.009095271856552392, ""batch_size"": 16, ""revin"": true, ""input_norm"": false, ""output_norm"": false}",0.0074610013687561,0.0497960895299911,0.0902118906378746,20,1585,397,True
34,広島県,1,"{""d_model"": 128, ""n_heads"": 16, ""patch_len"": 16, ""dropout"": 0.1, ""lr"": 0.0003441677372005633, ""batch_size"": 16, ""revin"": false, ""input_norm"": false, ""output_norm"": false}",0.0009064254623926,0.0187996216118335,0.0425449460744857,20,1984,496,True
34,広島県,2,"{""d_model"": 128, ""n_heads"": 16, ""patch_len"": 16, ""dropout"": 0.1, ""lr"": 0.0003441677372005633, ""batch_size"": 16, ""revin"": false, ""input_norm"": false, ""output_norm"": false}",0.0009064254623926,0.0464036352932453,0.084007628262043,20,1984,496,True
34,広島県,3,"{""d_model"": 256, ""n_heads"": 8, ""patch_len"": 8, ""dropout"": 0.1, ""revin"": true, ""input_norm"": false, ""output_norm"": false}",,0.0602189786732196,0.11258514970541,20,1984,496,True
34,広島県,4,"{""d_model"": 384, ""n_heads"": 8, ""patch_len"": 16, ""dropout"": 0.15000000000000002, ""lr"": 0.0004199483510450823, ""batch_size"": 16, ""revin"": false, ""input_norm"": false, ""output_norm"": false}",0.0028910617070505,0.0567106381058692,0.1046608462929725,20,1585,397,True
35,山口県,1,"{""d_model"": 384, ""n_heads"": 16, ""patch_len"": 16, ""dropout"": 0.1, ""lr"": 0.0005691729758618181, ""batch_size"": 32, ""revin"": true, ""input_norm"": false, ""output_norm"": false}",0.0006352059258607,0.0168885309249162,0.0456822551786899,20,1984,496,True
35,山口県,2,"{""d_model"": 384, ""n_heads"": 16, ""patch_len"": 16, ""dropout"": 0.1, ""lr"": 0.0005691729758618181, ""batch_size"": 32, ""revin"": true, ""input_norm"": false, ""output_norm"": false}",0.0006352059258607,0.0218165758997201,0.0560331754386425,20,1984,496,True
35,山口県,3,"{""d_model"": 128, ""n_heads"": 8, ""patch_len"": 32, ""dropout"": 0.1, ""revin"": true, ""input_norm"": false, ""output_norm"": false}",,0.0297496560961008,0.0681817233562469,20,1984,496,True
35,山口県,4,"{""d_model"": 384, ""n_heads"": 16, ""patch_len"": 16, ""dropout"": 0.1, ""lr"": 0.0002382148535537792, ""batch_size"": 64, ""revin"": true, ""input_norm"": false, ""output_norm"": false}",0.0027320594131015,0.0341055840253829,0.0776858478784561,20,1585,397,True
36,徳島県,1,"{""d_model"": 128, ""n_heads"": 16, ""patch_len"": 8, ""dropout"": 0.05, ""lr"": 0.0008083036239627424, ""batch_size"": 64, ""revin"": false, ""input_norm"": false, ""output_norm"": false}",0.0008233818929687,0.0147334886714816,0.0451236404478549,20,1984,496,True
36,徳島県,2,"{""d_model"": 128, ""n_heads"": 16, ""patch_len"": 8, ""dropout"": 0.05, ""lr"": 0.0008083036239627424, ""batch_size"": 64, ""revin"": false, ""input_norm"": false, ""output_norm"": false}",0.0008233818929687,0.0206294991075992,0.0531622357666492,20,1984,496,True
36,徳島県,3,"{""d_model"": 128, ""n_heads"": 8, ""patch_len"": 8, ""dropout"": 0.1, ""revin"": true, ""input_norm"": false, ""output_norm"": false}",,0.0329999178647995,0.0659580454230308,20,1984,496,True
36,徳島県,4,"{""d_model"": 128, ""n_heads"": 8, ""patch_len"": 8, ""dropout"": 0.3, ""revin"": true, ""input_norm"": false, ""output_norm"": false, ""lr"": 0.00017475133731712641, ""batch_size"": 32, ""zero_weight"": 0.1}",2.4594005402581237e-08,0.0425729,0.08218529,20,1585,397,True
37,香川県,1,"{""d_model"": 384, ""n_heads"": 16, ""patch_len"": 8, ""dropout"": 0.2, ""lr"": 0.00017197754297263674, ""batch_size"": 16, ""revin"": true, ""input_norm"": false, ""output_norm"": false}",0.0008075324713283,0.0167697686702013,0.0438357591629028,20,1984,496,True
37,香川県,2,"{""d_model"": 384, ""n_heads"": 16, ""patch_len"": 8, ""dropout"": 0.2, ""lr"": 0.00017197754297263674, ""batch_size"": 16, ""revin"": true, ""input_norm"": false, ""output_norm"": false}",0.0008075324713283,0.0245309565216302,0.0566023960709571,20,1984,496,True
37,香川県,3,"{""d_model"": 256, ""n_heads"": 8, ""patch_len"": 32, ""dropout"": 0.1, ""revin"": true, ""input_norm"": false, ""output_norm"": false}",,0.0640175938606262,0.1206414252519607,20,1984,496,True
37,香川県,4,"{""d_model"": 128, ""n_heads"": 8, ""patch_len"": 32, ""dropout"": 0.1, ""revin"": true, ""input_norm"": false, ""output_norm"": false}",,0.045381904,0.08143197,20,1984,496,True
38,愛媛県,1,"{""d_model"": 256, ""n_heads"": 16, ""patch_len"": 8, ""dropout"": 0.1, ""lr"": 0.00012663090631249285, ""batch_size"": 16, ""revin"": false, ""input_norm"": false, ""output_norm"": false}",0.0007057241689307,0.0212145391851663,0.0564248003065586,20,1984,496,True
38,愛媛県,2,"{""d_model"": 256, ""n_heads"": 16, ""patch_len"": 8, ""dropout"": 0.1, ""lr"": 0.00012663090631249285, ""batch_size"": 16, ""revin"": false, ""input_norm"": false, ""output_norm"": false}",0.0007057241689307,0.027707815170288,0.0683775693178176,20,1984,496,True
38,愛媛県,3,"{""d_model"": 384, ""n_heads"": 8, ""patch_len"": 32, ""dropout"": 0.1, ""revin"": true, ""input_norm"": false, ""output_norm"": false}",,0.0484076291322708,0.0934599936008453,20,1984,496,True
38,愛媛県,4,"{""d_model"": 128, ""n_heads"": 8, ""patch_len"": 8, ""dropout"": 0.1, ""revin"": true, ""input_norm"": false, ""output_norm"": false}",,0.041435607,0.08826682,20,1984,496,True
39,高知県,1,"{""d_model"": 128, ""n_heads"": 8, ""patch_len"": 16, ""dropout"": 0.1, ""lr"": 0.0003409905473767622, ""batch_size"": 32, ""revin"": true, ""input_norm"": false, ""output_norm"": false}",0.0009245143345094,0.026129001751542,0.0505187027156353,20,1984,496,True
39,高知県,2,"{""d_model"": 128, ""n_heads"": 8, ""patch_len"": 16, ""dropout"": 0.1, ""lr"": 0.0003409905473767622, ""batch_size"": 32, ""revin"": true, ""input_norm"": false, ""output_norm"": false}",0.0009245143345094,0.0377503633499145,0.0727625787258148,20,1984,496,True
39,高知県,3,"{""d_model"": 384, ""n_heads"": 8, ""patch_len"": 8, ""dropout"": 0.1, ""revin"": true, ""input_norm"": false, ""output_norm"": false}",,0.0496048741042614,0.088136188685894,20,1984,496,True
39,高知県,4,"{""d_model"": 128, ""n_heads"": 8, ""patch_len"": 32, ""dropout"": 0.1, ""revin"": true, ""input_norm"": false, ""output_norm"": false}",,0.03732591,0.070088044,20,1984,496,True
40,福岡県,1,"{""d_model"": 256, ""n_heads"": 16, ""patch_len"": 16, ""dropout"": 0.3, ""lr"": 0.000351140649294934, ""batch_size"": 16, ""revin"": true, ""input_norm"": false, ""output_norm"": false}",0.0010189393564096,0.0344654880464077,0.0610370486974716,20,1984,496,True
40,福岡県,2,"{""d_model"": 256, ""n_heads"": 16, ""patch_len"": 16, ""dropout"": 0.3, ""lr"": 0.000351140649294934, ""batch_size"": 16, ""revin"": true, ""input_norm"": false, ""output_norm"": false}",0.0010189393564096,2.4477057456970215,3.5531575679779053,20,1984,496,True
40,福岡県,3,"{""d_model"": 256, ""n_heads"": 8, ""patch_len"": 8, ""dropout"": 0.1, ""revin"": true, ""input_norm"": false, ""output_norm"": false}",,0.0771476402878761,0.1222184374928474,20,1984,496,True
40,福岡県,4,"{""d_model"": 384, ""n_heads"": 8, ""patch_len"": 16, ""dropout"": 0.1, ""revin"": true, ""input_norm"": false, ""output_norm"": false}",,0.049608376,0.08889601,20,1984,496,True
41,佐賀県,1,"{""d_model"": 128, ""n_heads"": 16, ""patch_len"": 8, ""dropout"": 0.2, ""lr"": 0.00010167787874114674, ""batch_size"": 16, ""revin"": true, ""input_norm"": false, ""output_norm"": false}",0.0007825386958228,0.0180542860180139,0.0453752391040325,20,1984,496,True
41,佐賀県,2,"{""d_model"": 128, ""n_heads"": 16, ""patch_len"": 8, ""dropout"": 0.2, ""lr"": 0.00010167787874114674, ""batch_size"": 16, ""revin"": true, ""input_norm"": false, ""output_norm"": false}",0.0007825386958228,0.0245595332235097,0.0577630922198295,20,1984,496,True
41,佐賀県,3,"{""d_model"": 256, ""n_heads"": 8, ""patch_len"": 32, ""dropout"": 0.1, ""revin"": true, ""input_norm"": false, ""output_norm"": false}",,0.0367953218519687,0.0738776624202728,20,1984,496,True
41,佐賀県,4,"{""d_model"": 128, ""n_heads"": 8, ""patch_len"": 8, ""dropout"": 0.1, ""revin"": true, ""input_norm"": false, ""output_norm"": false}",,0.034847837,0.08000845,20,1984,496,True
42,長崎県,1,"{""d_model"": 256, ""n_heads"": 16, ""patch_len"": 8, ""dropout"": 0.3, ""lr"": 0.00019970243353518635, ""batch_size"": 16, ""revin"": true, ""input_norm"": false, ""output_norm"": false}",0.0009534412165118,0.0157728437334299,0.0448219068348407,20,1984,496,True
42,長崎県,2,"{""d_model"": 256, ""n_heads"": 16, ""patch_len"": 8, ""dropout"": 0.3, ""lr"": 0.00019970243353518635, ""batch_size"": 16, ""revin"": true, ""input_norm"": false, ""output_norm"": false}",0.0009534412165118,0.022348366677761,0.0584404021501541,20,1984,496,True
42,長崎県,3,"{""d_model"": 384, ""n_heads"": 8, ""patch_len"": 8, ""dropout"": 0.1, ""revin"": true, ""input_norm"": false, ""output_norm"": false}",,0.033937681466341,0.0723680332303047,20,1984,496,True
42,長崎県,4,"{""d_model"": 128, ""n_heads"": 8, ""patch_len"": 16, ""dropout"": 0.1, ""revin"": true, ""input_norm"": false, ""output_norm"": false}",,0.040973883,0.08549787,20,1984,496,True
43,熊本県,1,"{""d_model"": 128, ""n_heads"": 8, ""patch_len"": 32, ""dropout"": 0.25, ""lr"": 0.0005204320315029445, ""batch_size"": 32, ""revin"": true, ""input_norm"": false, ""output_norm"": false}",0.0008435201877927,0.0176349394023418,0.0455376729369163,20,1984,496,True
43,熊本県,2,"{""d_model"": 128, ""n_heads"": 8, ""patch_len"": 32, ""dropout"": 0.25, ""lr"": 0.0005204320315029445, ""batch_size"": 32, ""revin"": true, ""input_norm"": false, ""output_norm"": false}",0.0008435201877927,0.0228652954101562,0.0579079613089561,20,1984,496,True
43,熊本県,3,"{""d_model"": 256, ""n_heads"": 8, ""patch_len"": 8, ""dropout"": 0.1, ""revin"": true, ""input_norm"": false, ""output_norm"": false}",,0.0340003669261932,0.087456539273262,20,1984,496,True
43,熊本県,4,"{""d_model"": 256, ""n_heads"": 8, ""patch_len"": 32, ""dropout"": 0.1, ""revin"": true, ""input_norm"": false, ""output_norm"": false}",,0.043674506,0.09360346,20,1984,496,True
44,大分県,1,"{""d_model"": 128, ""n_heads"": 8, ""patch_len"": 32, ""dropout"": 0.2, ""lr"": 0.0014080572701365437, ""batch_size"": 32, ""revin"": true, ""input_norm"": false, ""output_norm"": false}",0.0007276898173703,0.0226193964481353,0.0500260405242443,20,1984,496,True
44,大分県,2,"{""d_model"": 128, ""n_heads"": 8, ""patch_len"": 32, ""dropout"": 0.2, ""lr"": 0.0014080572701365437, ""batch_size"": 32, ""revin"": true, ""input_norm"": false, ""output_norm"": false}",0.0007276898173703,0.02800103276968,0.0647668465971946,20,1984,496,True
44,大分県,3,"{""d_model"": 256, ""n_heads"": 8, ""patch_len"": 16, ""dropout"": 0.1, ""revin"": true, ""input_norm"": false, ""output_norm"": false}",,0.032480414956808,0.0718085914850235,20,1984,496,True
44,大分県,4,"{""d_model"": 384, ""n_heads"": 8, ""patch_len"": 16, ""dropout"": 0.1, ""revin"": true, ""input_norm"": false, ""output_norm"": false}",,0.057516046,0.11600241,20,1984,496,True
45,宮崎県,1,"{""d_model"": 256, ""n_heads"": 16, ""patch_len"": 8, ""dropout"": 0.1, ""lr"": 0.00020493566435562892, ""batch_size"": 16, ""revin"": true, ""input_norm"": false, ""output_norm"": false}",0.0010556027912299,0.0330579504370689,0.0596021339297294,20,1984,496,True
45,宮崎県,2,"{""d_model"": 256, ""n_heads"": 16, ""patch_len"": 8, ""dropout"": 0.1, ""lr"": 0.00020493566435562892, ""batch_size"": 16, ""revin"": true, ""input_norm"": false, ""output_norm"": false}",0.0010556027912299,0.0431620851159095,0.0746224820613861,20,1984,496,True
45,宮崎県,3,"{""d_model"": 384, ""n_heads"": 8, ""patch_len"": 8, ""dropout"": 0.1, ""revin"": true, ""input_norm"": false, ""output_norm"": false}",,0.1523772478103637,0.2374756634235382,20,1984,496,True
45,宮崎県,4,"{""d_model"": 256, ""n_heads"": 8, ""patch_len"": 8, ""dropout"": 0.1, ""revin"": true, ""input_norm"": true, ""output_norm"": true}",,0.09257518,0.15889123,20,1984,496,True
46,鹿児島県,1,"{""d_model"": 256, ""n_heads"": 8, ""patch_len"": 16, ""dropout"": 0.15000000000000002, ""lr"": 0.0002678068334963516, ""batch_size"": 32, ""revin"": false, ""input_norm"": false, ""output_norm"": false}",0.0010220555300146,0.0154759315773844,0.0423316545784473,20,1984,496,True
46,鹿児島県,2,"{""d_model"": 256, ""n_heads"": 8, ""patch_len"": 16, ""dropout"": 0.15000000000000002, ""lr"": 0.0002678068334963516, ""batch_size"": 32, ""revin"": false, ""input_norm"": false, ""output_norm"": false}",0.0010220555300146,0.0206238534301519,0.0561170019209384,20,1984,496,True
46,鹿児島県,3,"{""d_model"": 384, ""n_heads"": 8, ""patch_len"": 16, ""dropout"": 0.1, ""revin"": true, ""input_norm"": false, ""output_norm"": false}",,0.0537907220423221,0.0923174321651458,20,1984,496,True
46,鹿児島県,4,"{""d_model"": 128, ""n_heads"": 8, ""patch_len"": 16, ""dropout"": 0.1, ""revin"": true, ""input_norm"": false, ""output_norm"": false}",,0.048397627,0.100535095,20,1984,496,True
47,沖縄県,1,"{""d_model"": 256, ""n_heads"": 16, ""patch_len"": 8, ""dropout"": 0.25, ""lr"": 0.00019286223719177875, ""batch_size"": 32, ""revin"": true, ""input_norm"": false, ""output_norm"": false}",0.0009109537258477,0.0126781640574336,0.024373423308134,20,1984,496,True
47,沖縄県,2,"{""d_model"": 256, ""n_heads"": 16, ""patch_len"": 8, ""dropout"": 0.25, ""lr"": 0.00019286223719177875, ""batch_size"": 32, ""revin"": true, ""input_norm"": false, ""output_norm"": false}",0.0009109537258477,0.0187168586999177,0.0337198190391063,20,1984,496,True
47,沖縄県,3,"{""d_model"": 384, ""n_heads"": 8, ""patch_len"": 8, ""dropout"": 0.1, ""revin"": true, ""input_norm"": false, ""output_norm"": false}",,0.0243830624967813,0.0383810140192508,20,1984,496,True
47,沖縄県,4,"{""d_model"": 384, ""n_heads"": 8, ""patch_len"": 16, ""dropout"": 0.1, ""revin"": true, ""input_norm"": false, ""output_norm"": false}",,0.030792013,0.04796452,20,1984,496,True
